<?xml version="1.0" encoding="UTF-8" standalone="no"?>
<?fileVersion 4.0.0?><cproject storage_type_id="org.eclipse.cdt.core.XmlProjectDescriptionStorage">
	<storageModule configRelations="2" moduleId="org.eclipse.cdt.core.settings">
		<cconfiguration id="com.ti.ccstudio.buildDefinitions.MSP430.Debug.186410404">
			<storageModule buildSystemId="org.eclipse.cdt.managedbuilder.core.configurationDataProvider" id="com.ti.ccstudio.buildDefinitions.MSP430.Debug.186410404" moduleId="org.eclipse.cdt.core.settings" name="Debug">
				<externalSettings/>
				<extensions>
					<extension id="com.ti.ccstudio.binaryparser.CoffParser" point="org.eclipse.cdt.core.BinaryParser"/>
					<extension id="org.eclipse.cdt.core.GmakeErrorParser" point="org.eclipse.cdt.core.ErrorParser"/>
					<extension id="com.ti.ccstudio.errorparser.CoffErrorParser" point="org.eclipse.cdt.core.ErrorParser"/>
					<extension id="com.ti.ccstudio.errorparser.AsmErrorParser" point="org.eclipse.cdt.core.ErrorParser"/>
					<extension id="com.ti.ccstudio.errorparser.LinkErrorParser" point="org.eclipse.cdt.core.ErrorParser"/>
				</extensions>
			</storageModule>
			<storageModule moduleId="cdtBuildSystem" version="4.0.0">
				<configuration artifactExtension="out" artifactName="${ProjName}" buildProperties="" cleanCommand="${CG_CLEAN_CMD}" description="" id="com.ti.ccstudio.buildDefinitions.MSP430.Debug.186410404" name="Debug" parent="com.ti.ccstudio.buildDefinitions.MSP430.Debug">
					<folderInfo id="com.ti.ccstudio.buildDefinitions.MSP430.Debug.186410404." name="/" resourcePath="">
						<toolChain id="com.ti.ccstudio.buildDefinitions.MSP430_16.9.exe.DebugToolchain.1392428822" name="TI Build Tools" superClass="com.ti.ccstudio.buildDefinitions.MSP430_16.9.exe.DebugToolchain" targetTool="com.ti.ccstudio.buildDefinitions.MSP430_16.9.exe.linkerDebug.321855578">
							<option id="com.ti.ccstudio.buildDefinitions.core.OPT_TAGS.687914120" superClass="com.ti.ccstudio.buildDefinitions.core.OPT_TAGS" valueType="stringList">
								<listOptionValue builtIn="false" value="DEVICE_CONFIGURATION_ID=MSP430F5529"/>
								<listOptionValue builtIn="false" value="DEVICE_ENDIANNESS=little"/>
								<listOptionValue builtIn="false" value="OUTPUT_FORMAT=ELF"/>
								<listOptionValue builtIn="false" value="CCS_MBS_VERSION=6.1.3"/>
								<listOptionValue builtIn="false" value="LINKER_COMMAND_FILE=lnk_msp430f5529.cmd"/>
								<listOptionValue builtIn="false" value="RUNTIME_SUPPORT_LIBRARY=libc.a"/>
								<listOptionValue builtIn="false" value="OUTPUT_TYPE=executable"/>
							</option>
							<option id="com.ti.ccstudio.buildDefinitions.core.OPT_CODEGEN_VERSION.1135833714" superClass="com.ti.ccstudio.buildDefinitions.core.OPT_CODEGEN_VERSION" value="16.9.0.LTS" valueType="string"/>
							<targetPlatform id="com.ti.ccstudio.buildDefinitions.MSP430_16.9.exe.targetPlatformDebug.1829251182" name="Platform" superClass="com.ti.ccstudio.buildDefinitions.MSP430_16.9.exe.targetPlatformDebug"/>
							<builder buildPath="${BuildDirectory}" id="com.ti.ccstudio.buildDefinitions.MSP430_16.9.exe.builderDebug.1824631101" name="GNU Make.Debug" parallelBuildOn="true" parallelizationNumber="optimal" superClass="com.ti.ccstudio.buildDefinitions.MSP430_16.9.exe.builderDebug"/>
							<tool id="com.ti.ccstudio.buildDefinitions.MSP430_16.9.exe.compilerDebug.1639578315" name="MSP430 Compiler" superClass="com.ti.ccstudio.buildDefinitions.MSP430_16.9.exe.compilerDebug">
								<option id="com.ti.ccstudio.buildDefinitions.MSP430_16.9.compilerID.DEFINE.1659456435" superClass="com.ti.ccstudio.buildDefinitions.MSP430_16.9.compilerID.DEFINE" valueType="definedSymbols">
									<listOptionValue builtIn="false" value="__MSP430F5529__"/>
								</option>
								<option id="com.ti.ccstudio.buildDefinitions.MSP430_16.9.compilerID.DATA_MODEL.1865856440" superClass="com.ti.ccstudio.buildDefinitions.MSP430_16.9.compilerID.DATA_MODEL" useByScannerDiscovery="false" value="com.ti.ccstudio.buildDefinitions.MSP430_16.9.compilerID.DATA_MODEL.restricted" valueType="enumerated"/>
								<option id="com.ti.ccstudio.buildDefinitions.MSP430_16.9.compilerID.USE_HW_MPY.279405491" superClass="com.ti.ccstudio.buildDefinitions.MSP430_16.9.compilerID.USE_HW_MPY" useByScannerDiscovery="false" value="com.ti.ccstudio.buildDefinitions.MSP430_16.9.compilerID.USE_HW_MPY.F5" valueType="enumerated"/>
								<option id="com.ti.ccstudio.buildDefinitions.MSP430_16.9.compilerID.SILICON_ERRATA.CPU21.1642324853" superClass="com.ti.ccstudio.buildDefinitions.MSP430_16.9.compilerID.SILICON_ERRATA.CPU21" useByScannerDiscovery="false" value="true" valueType="boolean"/>
								<option id="com.ti.ccstudio.buildDefinitions.MSP430_16.9.compilerID.SILICON_ERRATA.CPU22.302756492" superClass="com.ti.ccstudio.buildDefinitions.MSP430_16.9.compilerID.SILICON_ERRATA.CPU22" useByScannerDiscovery="false" value="true" valueType="boolean"/>
								<option id="com.ti.ccstudio.buildDefinitions.MSP430_16.9.compilerID.SILICON_ERRATA.CPU23.1050863251" superClass="com.ti.ccstudio.buildDefinitions.MSP430_16.9.compilerID.SILICON_ERRATA.CPU23" useByScannerDiscovery="false" value="true" valueType="boolean"/>
								<option id="com.ti.ccstudio.buildDefinitions.MSP430_16.9.compilerID.SILICON_ERRATA.CPU40.59718338" superClass="com.ti.ccstudio.buildDefinitions.MSP430_16.9.compilerID.SILICON_ERRATA.CPU40" useByScannerDiscovery="false" value="true" valueType="boolean"/>
								<option id="com.ti.ccstudio.buildDefinitions.MSP430_16.9.compilerID.SILICON_VERSION.639211434" superClass="com.ti.ccstudio.buildDefinitions.MSP430_16.9.compilerID.SILICON_VERSION" useByScannerDiscovery="false" value="com.ti.ccstudio.buildDefinitions.MSP430_16.9.compilerID.SILICON_VERSION.mspx" valueType="enumerated"/>
								<option id="com.ti.ccstudio.buildDefinitions.MSP430_16.9.compilerID.PRINTF_SUPPORT.1702381295" superClass="com.ti.ccstudio.buildDefinitions.MSP430_16.9.compilerID.PRINTF_SUPPORT" useByScannerDiscovery="false" value="com.ti.ccstudio.buildDefinitions.MSP430_16.9.compilerID.PRINTF_SUPPORT.minimal" valueType="enumerated"/>
								<option id="com.ti.ccstudio.buildDefinitions.MSP430_16.9.compilerID.DEBUGGING_MODEL.1926221675" superClass="com.ti.ccstudio.buildDefinitions.MSP430_16.9.compilerID.DEBUGGING_MODEL" useByScannerDiscovery="false" value="com.ti.ccstudio.buildDefinitions.MSP430_16.9.compilerID.DEBUGGING_MODEL.SYMDEBUG__DWARF" valueType="enumerated"/>
								<option id="com.ti.ccstudio.buildDefinitions.MSP430_16.9.compilerID.ADVICE__POWER.775706097" superClass="com.ti.ccstudio.buildDefinitions.MSP430_16.9.compilerID.ADVICE__POWER" useByScannerDiscovery="false" value="all" valueType="string"/>
								<option id="com.ti.ccstudio.buildDefinitions.MSP430_16.9.compilerID.DIAG_WARNING.806072549" superClass="com.ti.ccstudio.buildDefinitions.MSP430_16.9.compilerID.DIAG_WARNING" useByScannerDiscovery="false" valueType="stringList">
									<listOptionValue builtIn="false" value="225"/>
								</option>
								<option id="com.ti.ccstudio.buildDefinitions.MSP430_16.9.compilerID.DISPLAY_ERROR_NUMBER.1615627345" superClass="com.ti.ccstudio.buildDefinitions.MSP430_16.9.compilerID.DISPLAY_ERROR_NUMBER" useByScannerDiscovery="false" value="true" valueType="boolean"/>
								<option id="com.ti.ccstudio.buildDefinitions.MSP430_16.9.compilerID.DIAG_WRAP.755613939" superClass="com.ti.ccstudio.buildDefinitions.MSP430_16.9.compilerID.DIAG_WRAP" useByScannerDiscovery="false" value="com.ti.ccstudio.buildDefinitions.MSP430_16.9.compilerID.DIAG_WRAP.off" valueType="enumerated"/>
								<option id="com.ti.ccstudio.buildDefinitions.MSP430_16.9.compilerID.INCLUDE_PATH.85610712" superClass="com.ti.ccstudio.buildDefinitions.MSP430_16.9.compilerID.INCLUDE_PATH" valueType="includePath">
									<listOptionValue builtIn="false" value="&quot;${CCS_BASE_ROOT}/msp430/include&quot;"/>
									<listOptionValue builtIn="false" value="&quot;${CG_TOOL_ROOT}/include&quot;"/>
								</option>
								<inputType id="com.ti.ccstudio.buildDefinitions.MSP430_16.9.compiler.inputType__C_SRCS.1994767089" name="C Sources" superClass="com.ti.ccstudio.buildDefinitions.MSP430_16.9.compiler.inputType__C_SRCS"/>
								<inputType id="com.ti.ccstudio.buildDefinitions.MSP430_16.9.compiler.inputType__CPP_SRCS.1842280628" name="C++ Sources" superClass="com.ti.ccstudio.buildDefinitions.MSP430_16.9.compiler.inputType__CPP_SRCS"/>
								<inputType id="com.ti.ccstudio.buildDefinitions.MSP430_16.9.compiler.inputType__ASM_SRCS.1409728200" name="Assembly Sources" superClass="com.ti.ccstudio.buildDefinitions.MSP430_16.9.compiler.inputType__ASM_SRCS"/>
								<inputType id="com.ti.ccstudio.buildDefinitions.MSP430_16.9.compiler.inputType__ASM2_SRCS.894682031" name="Assembly Sources" superClass="com.ti.ccstudio.buildDefinitions.MSP430_16.9.compiler.inputType__ASM2_SRCS"/>
							</tool>
							<tool id="com.ti.ccstudio.buildDefinitions.MSP430_16.9.exe.linkerDebug.321855578" name="MSP430 Linker" superClass="com.ti.ccstudio.buildDefinitions.MSP430_16.9.exe.linkerDebug">
								<option id="com.ti.ccstudio.buildDefinitions.MSP430_16.9.linkerID.LIBRARY.206526260" superClass="com.ti.ccstudio.buildDefinitions.MSP430_16.9.linkerID.LIBRARY" useByScannerDiscovery="false" valueType="libs">
									<listOptionValue builtIn="false" value="&quot;libmath.a&quot;"/>
									<listOptionValue builtIn="false" value="&quot;libc.a&quot;"/>
								</option>
								<option id="com.ti.ccstudio.buildDefinitions.MSP430_16.9.linkerID.SEARCH_PATH.1543196643" superClass="com.ti.ccstudio.buildDefinitions.MSP430_16.9.linkerID.SEARCH_PATH" valueType="libPaths">
									<listOptionValue builtIn="false" value="&quot;${CCS_BASE_ROOT}/msp430/include&quot;"/>
									<listOptionValue builtIn="false" value="&quot;${CCS_BASE_ROOT}/msp430/lib/5xx_6xx_FRxx&quot;"/>
									<listOptionValue builtIn="false" value="&quot;${CG_TOOL_ROOT}/lib&quot;"/>
									<listOptionValue builtIn="false" value="&quot;${CG_TOOL_ROOT}/include&quot;"/>
								</option>
								<option id="com.ti.ccstudio.buildDefinitions.MSP430_16.9.linkerID.USE_HW_MPY.1236749920" superClass="com.ti.ccstudio.buildDefinitions.MSP430_16.9.linkerID.USE_HW_MPY" useByScannerDiscovery="false" value="com.ti.ccstudio.buildDefinitions.MSP430_16.9.linkerID.USE_HW_MPY.F5" valueType="enumerated"/>
								<option id="com.ti.ccstudio.buildDefinitions.MSP430_16.9.linkerID.CINIT_HOLD_WDT.2123381259" superClass="com.ti.ccstudio.buildDefinitions.MSP430_16.9.linkerID.CINIT_HOLD_WDT" useByScannerDiscovery="false" value="com.ti.ccstudio.buildDefinitions.MSP430_16.9.linkerID.CINIT_HOLD_WDT.on" valueType="enumerated"/>
								<option id="com.ti.ccstudio.buildDefinitions.MSP430_16.9.linkerID.HEAP_SIZE.2008250143" superClass="com.ti.ccstudio.buildDefinitions.MSP430_16.9.linkerID.HEAP_SIZE" useByScannerDiscovery="false" value="160" valueType="string"/>
								<option id="com.ti.ccstudio.buildDefinitions.MSP430_16.9.linkerID.STACK_SIZE.558389293" superClass="com.ti.ccstudio.buildDefinitions.MSP430_16.9.linkerID.STACK_SIZE" useByScannerDiscovery="false" value="160" valueType="string"/>
								<option id="com.ti.ccstudio.buildDefinitions.MSP430_16.9.linkerID.OUTPUT_FILE.1420232531" superClass="com.ti.ccstudio.buildDefinitions.MSP430_16.9.linkerID.OUTPUT_FILE" useByScannerDiscovery="false" value="&quot;${ProjName}.out&quot;" valueType="string"/>
								<option id="com.ti.ccstudio.buildDefinitions.MSP430_16.9.linkerID.MAP_FILE.1122728455" superClass="com.ti.ccstudio.buildDefinitions.MSP430_16.9.linkerID.MAP_FILE" useByScannerDiscovery="false" value="&quot;${ProjName}.map&quot;" valueType="string"/>
								<option id="com.ti.ccstudio.buildDefinitions.MSP430_16.9.linkerID.XML_LINK_INFO.1787631563" superClass="com.ti.ccstudio.buildDefinitions.MSP430_16.9.linkerID.XML_LINK_INFO" useByScannerDiscovery="false" value="&quot;${ProjName}_linkInfo.xml&quot;" valueType="string"/>
								<option id="com.ti.ccstudio.buildDefinitions.MSP430_16.9.linkerID.DISPLAY_ERROR_NUMBER.1289434441" superClass="com.ti.ccstudio.buildDefinitions.MSP430_16.9.linkerID.DISPLAY_ERROR_NUMBER" useByScannerDiscovery="false" value="true" valueType="boolean"/>
								<option id="com.ti.ccstudio.buildDefinitions.MSP430_16.9.linkerID.DIAG_WRAP.483458062" superClass="com.ti.ccstudio.buildDefinitions.MSP430_16.9.linkerID.DIAG_WRAP" useByScannerDiscovery="false" value="com.ti.ccstudio.buildDefinitions.MSP430_16.9.linkerID.DIAG_WRAP.off" valueType="enumerated"/>
								<inputType id="com.ti.ccstudio.buildDefinitions.MSP430_16.9.exeLinker.inputType__CMD_SRCS.1299072027" name="Linker Command Files" superClass="com.ti.ccstudio.buildDefinitions.MSP430_16.9.exeLinker.inputType__CMD_SRCS"/>
								<inputType id="com.ti.ccstudio.buildDefinitions.MSP430_16.9.exeLinker.inputType__CMD2_SRCS.140674111" name="Linker Command Files" superClass="com.ti.ccstudio.buildDefinitions.MSP430_16.9.exeLinker.inputType__CMD2_SRCS"/>
								<inputType id="com.ti.ccstudio.buildDefinitions.MSP430_16.9.exeLinker.inputType__GEN_CMDS.346848677" name="Generated Linker Command Files" superClass="com.ti.ccstudio.buildDefinitions.MSP430_16.9.exeLinker.inputType__GEN_CMDS"/>
							</tool>
							<tool id="com.ti.ccstudio.buildDefinitions.MSP430_16.9.hex.1911804870" name="MSP430 Hex Utility" superClass="com.ti.ccstudio.buildDefinitions.MSP430_16.9.hex">
								<option id="com.ti.ccstudio.buildDefinitions.MSP430_16.9.hex.ROMWIDTH.589783747" superClass="com.ti.ccstudio.buildDefinitions.MSP430_16.9.hex.ROMWIDTH" useByScannerDiscovery="false" value="8" valueType="string"/>
								<option id="com.ti.ccstudio.buildDefinitions.MSP430_16.9.hex.MEMWIDTH.1324269401" superClass="com.ti.ccstudio.buildDefinitions.MSP430_16.9.hex.MEMWIDTH" useByScannerDiscovery="false" value="8" valueType="string"/>
							</tool>
						</toolChain>
					</folderInfo>
					<sourceEntries>
						<entry flags="VALUE_WORKSPACE_PATH|RESOLVED" kind="sourcePath" name=""/>
					</sourceEntries>
				</configuration>
			</storageModule>
			<storageModule moduleId="org.eclipse.cdt.core.externalSettings"/>
		</cconfiguration>
		<cconfiguration id="com.ti.ccstudio.buildDefinitions.MSP430.Release.1621387581">
			<storageModule buildSystemId="org.eclipse.cdt.managedbuilder.core.configurationDataProvider" id="com.ti.ccstudio.buildDefinitions.MSP430.Release.1621387581" moduleId="org.eclipse.cdt.core.settings" name="Release">
				<externalSettings/>
				<extensions>
					<extension id="com.ti.ccstudio.binaryparser.CoffParser" point="org.eclipse.cdt.core.BinaryParser"/>
					<extension id="org.eclipse.cdt.core.GmakeErrorParser" point="org.eclipse.cdt.core.ErrorParser"/>
					<extension id="com.ti.ccstudio.errorparser.CoffErrorParser" point="org.eclipse.cdt.core.ErrorParser"/>
					<extension id="com.ti.ccstudio.errorparser.AsmErrorParser" point="org.eclipse.cdt.core.ErrorParser"/>
					<extension id="com.ti.ccstudio.errorparser.LinkErrorParser" point="org.eclipse.cdt.core.ErrorParser"/>
				</extensions>
			</storageModule>
			<storageModule moduleId="cdtBuildSystem" version="4.0.0">
				<configuration artifactExtension="out" artifactName="${ProjName}" buildProperties="" cleanCommand="${CG_CLEAN_CMD}" description="" id="com.ti.ccstudio.buildDefinitions.MSP430.Release.1621387581" name="Release" parent="com.ti.ccstudio.buildDefinitions.MSP430.Release">
					<folderInfo id="com.ti.ccstudio.buildDefinitions.MSP430.Release.1621387581." name="/" resourcePath="">
						<toolChain id="com.ti.ccstudio.buildDefinitions.MSP430_16.9.exe.ReleaseToolchain.777863258" name="TI Build Tools" superClass="com.ti.ccstudio.buildDefinitions.MSP430_16.9.exe.ReleaseToolchain" targetTool="com.ti.ccstudio.buildDefinitions.MSP430_16.9.exe.linkerRelease.1350577822">
							<option id="com.ti.ccstudio.buildDefinitions.core.OPT_TAGS.486840627" superClass="com.ti.ccstudio.buildDefinitions.core.OPT_TAGS" valueType="stringList">
								<listOptionValue builtIn="false" value="DEVICE_CONFIGURATION_ID=MSP430F5529"/>
								<listOptionValue builtIn="false" value="DEVICE_ENDIANNESS=little"/>
								<listOptionValue builtIn="false" value="OUTPUT_FORMAT=ELF"/>
								<listOptionValue builtIn="false" value="CCS_MBS_VERSION=6.1.3"/>
								<listOptionValue builtIn="false" value="LINKER_COMMAND_FILE=lnk_msp430f5529.cmd"/>
								<listOptionValue builtIn="false" value="RUNTIME_SUPPORT_LIBRARY=libc.a"/>
								<listOptionValue builtIn="false" value="OUTPUT_TYPE=executable"/>
							</option>
							<option id="com.ti.ccstudio.buildDefinitions.core.OPT_CODEGEN_VERSION.1908159365" superClass="com.ti.ccstudio.buildDefinitions.core.OPT_CODEGEN_VERSION" value="16.9.0.LTS" valueType="string"/>
							<targetPlatform id="com.ti.ccstudio.buildDefinitions.MSP430_16.9.exe.targetPlatformRelease.2001548461" name="Platform" superClass="com.ti.ccstudio.buildDefinitions.MSP430_16.9.exe.targetPlatformRelease"/>
							<builder buildPath="${BuildDirectory}" id="com.ti.ccstudio.buildDefinitions.MSP430_16.9.exe.builderRelease.1349892307" name="GNU Make.Release" parallelBuildOn="true" parallelizationNumber="optimal" superClass="com.ti.ccstudio.buildDefinitions.MSP430_16.9.exe.builderRelease"/>
							<tool id="com.ti.ccstudio.buildDefinitions.MSP430_16.9.exe.compilerRelease.54034048" name="MSP430 Compiler" superClass="com.ti.ccstudio.buildDefinitions.MSP430_16.9.exe.compilerRelease">
								<option id="com.ti.ccstudio.buildDefinitions.MSP430_16.9.compilerID.DEFINE.1936458855" superClass="com.ti.ccstudio.buildDefinitions.MSP430_16.9.compilerID.DEFINE" valueType="definedSymbols">
									<listOptionValue builtIn="false" value="__MSP430F5529__"/>
								</option>
								<option id="com.ti.ccstudio.buildDefinitions.MSP430_16.9.compilerID.DATA_MODEL.671909767" superClass="com.ti.ccstudio.buildDefinitions.MSP430_16.9.compilerID.DATA_MODEL" useByScannerDiscovery="false" value="com.ti.ccstudio.buildDefinitions.MSP430_16.9.compilerID.DATA_MODEL.restricted" valueType="enumerated"/>
								<option id="com.ti.ccstudio.buildDefinitions.MSP430_16.9.compilerID.USE_HW_MPY.286726822" superClass="com.ti.ccstudio.buildDefinitions.MSP430_16.9.compilerID.USE_HW_MPY" useByScannerDiscovery="false" value="com.ti.ccstudio.buildDefinitions.MSP430_16.9.compilerID.USE_HW_MPY.F5" valueType="enumerated"/>
								<option id="com.ti.ccstudio.buildDefinitions.MSP430_16.9.compilerID.SILICON_ERRATA.CPU21.1135849976" superClass="com.ti.ccstudio.buildDefinitions.MSP430_16.9.compilerID.SILICON_ERRATA.CPU21" useByScannerDiscovery="false" value="true" valueType="boolean"/>
								<option id="com.ti.ccstudio.buildDefinitions.MSP430_16.9.compilerID.SILICON_ERRATA.CPU22.366214487" superClass="com.ti.ccstudio.buildDefinitions.MSP430_16.9.compilerID.SILICON_ERRATA.CPU22" useByScannerDiscovery="false" value="true" valueType="boolean"/>
								<option id="com.ti.ccstudio.buildDefinitions.MSP430_16.9.compilerID.SILICON_ERRATA.CPU23.2009095771" superClass="com.ti.ccstudio.buildDefinitions.MSP430_16.9.compilerID.SILICON_ERRATA.CPU23" useByScannerDiscovery="false" value="true" valueType="boolean"/>
								<option id="com.ti.ccstudio.buildDefinitions.MSP430_16.9.compilerID.SILICON_ERRATA.CPU40.1348711446" superClass="com.ti.ccstudio.buildDefinitions.MSP430_16.9.compilerID.SILICON_ERRATA.CPU40" useByScannerDiscovery="false" value="true" valueType="boolean"/>
								<option id="com.ti.ccstudio.buildDefinitions.MSP430_16.9.compilerID.SILICON_VERSION.254474466" superClass="com.ti.ccstudio.buildDefinitions.MSP430_16.9.compilerID.SILICON_VERSION" useByScannerDiscovery="false" value="com.ti.ccstudio.buildDefinitions.MSP430_16.9.compilerID.SILICON_VERSION.mspx" valueType="enumerated"/>
								<option id="com.ti.ccstudio.buildDefinitions.MSP430_16.9.compilerID.PRINTF_SUPPORT.1910833707" superClass="com.ti.ccstudio.buildDefinitions.MSP430_16.9.compilerID.PRINTF_SUPPORT" useByScannerDiscovery="false" value="com.ti.ccstudio.buildDefinitions.MSP430_16.9.compilerID.PRINTF_SUPPORT.minimal" valueType="enumerated"/>
								<option id="com.ti.ccstudio.buildDefinitions.MSP430_16.9.compilerID.ADVICE__POWER.1619164936" superClass="com.ti.ccstudio.buildDefinitions.MSP430_16.9.compilerID.ADVICE__POWER" useByScannerDiscovery="false" value="all" valueType="string"/>
								<option id="com.ti.ccstudio.buildDefinitions.MSP430_16.9.compilerID.DIAG_WARNING.1934766888" superClass="com.ti.ccstudio.buildDefinitions.MSP430_16.9.compilerID.DIAG_WARNING" useByScannerDiscovery="false" valueType="stringList">
									<listOptionValue builtIn="false" value="225"/>
								</option>
								<option id="com.ti.ccstudio.buildDefinitions.MSP430_16.9.compilerID.DISPLAY_ERROR_NUMBER.1769524996" superClass="com.ti.ccstudio.buildDefinitions.MSP430_16.9.compilerID.DISPLAY_ERROR_NUMBER" useByScannerDiscovery="false" value="true" valueType="boolean"/>
								<option id="com.ti.ccstudio.buildDefinitions.MSP430_16.9.compilerID.DIAG_WRAP.2040878849" superClass="com.ti.ccstudio.buildDefinitions.MSP430_16.9.compilerID.DIAG_WRAP" useByScannerDiscovery="false" value="com.ti.ccstudio.buildDefinitions.MSP430_16.9.compilerID.DIAG_WRAP.off" valueType="enumerated"/>
								<option id="com.ti.ccstudio.buildDefinitions.MSP430_16.9.compilerID.INCLUDE_PATH.1176700185" superClass="com.ti.ccstudio.buildDefinitions.MSP430_16.9.compilerID.INCLUDE_PATH" valueType="includePath">
									<listOptionValue builtIn="false" value="&quot;${CCS_BASE_ROOT}/msp430/include&quot;"/>
									<listOptionValue builtIn="false" value="&quot;${CG_TOOL_ROOT}/include&quot;"/>
								</option>
								<inputType id="com.ti.ccstudio.buildDefinitions.MSP430_16.9.compiler.inputType__C_SRCS.572945958" name="C Sources" superClass="com.ti.ccstudio.buildDefinitions.MSP430_16.9.compiler.inputType__C_SRCS"/>
								<inputType id="com.ti.ccstudio.buildDefinitions.MSP430_16.9.compiler.inputType__CPP_SRCS.169678880" name="C++ Sources" superClass="com.ti.ccstudio.buildDefinitions.MSP430_16.9.compiler.inputType__CPP_SRCS"/>
								<inputType id="com.ti.ccstudio.buildDefinitions.MSP430_16.9.compiler.inputType__ASM_SRCS.348214932" name="Assembly Sources" superClass="com.ti.ccstudio.buildDefinitions.MSP430_16.9.compiler.inputType__ASM_SRCS"/>
								<inputType id="com.ti.ccstudio.buildDefinitions.MSP430_16.9.compiler.inputType__ASM2_SRCS.771710154" name="Assembly Sources" superClass="com.ti.ccstudio.buildDefinitions.MSP430_16.9.compiler.inputType__ASM2_SRCS"/>
							</tool>
							<tool id="com.ti.ccstudio.buildDefinitions.MSP430_16.9.exe.linkerRelease.1350577822" name="MSP430 Linker" superClass="com.ti.ccstudio.buildDefinitions.MSP430_16.9.exe.linkerRelease">
								<option id="com.ti.ccstudio.buildDefinitions.MSP430_16.9.linkerID.LIBRARY.962122923" superClass="com.ti.ccstudio.buildDefinitions.MSP430_16.9.linkerID.LIBRARY" useByScannerDiscovery="false" valueType="libs">
									<listOptionValue builtIn="false" value="&quot;libmath.a&quot;"/>
									<listOptionValue builtIn="false" value="&quot;libc.a&quot;"/>
								</option>
								<option id="com.ti.ccstudio.buildDefinitions.MSP430_16.9.linkerID.SEARCH_PATH.162814761" superClass="com.ti.ccstudio.buildDefinitions.MSP430_16.9.linkerID.SEARCH_PATH" valueType="libPaths">
									<listOptionValue builtIn="false" value="&quot;${CCS_BASE_ROOT}/msp430/include&quot;"/>
									<listOptionValue builtIn="false" value="&quot;${CCS_BASE_ROOT}/msp430/lib/5xx_6xx_FRxx&quot;"/>
									<listOptionValue builtIn="false" value="&quot;${CG_TOOL_ROOT}/lib&quot;"/>
									<listOptionValue builtIn="false" value="&quot;${CG_TOOL_ROOT}/include&quot;"/>
								</option>
								<option id="com.ti.ccstudio.buildDefinitions.MSP430_16.9.linkerID.USE_HW_MPY.1200269901" superClass="com.ti.ccstudio.buildDefinitions.MSP430_16.9.linkerID.USE_HW_MPY" useByScannerDiscovery="false" value="com.ti.ccstudio.buildDefinitions.MSP430_16.9.linkerID.USE_HW_MPY.F5" valueType="enumerated"/>
								<option id="com.ti.ccstudio.buildDefinitions.MSP430_16.9.linkerID.CINIT_HOLD_WDT.958655946" superClass="com.ti.ccstudio.buildDefinitions.MSP430_16.9.linkerID.CINIT_HOLD_WDT" useByScannerDiscovery="false" value="com.ti.ccstudio.buildDefinitions.MSP430_16.9.linkerID.CINIT_HOLD_WDT.on" valueType="enumerated"/>
								<option id="com.ti.ccstudio.buildDefinitions.MSP430_16.9.linkerID.HEAP_SIZE.20944474" superClass="com.ti.ccstudio.buildDefinitions.MSP430_16.9.linkerID.HEAP_SIZE" useByScannerDiscovery="false" value="160" valueType="string"/>
								<option id="com.ti.ccstudio.buildDefinitions.MSP430_16.9.linkerID.STACK_SIZE.445785695" superClass="com.ti.ccstudio.buildDefinitions.MSP430_16.9.linkerID.STACK_SIZE" useByScannerDiscovery="false" value="160" valueType="string"/>
								<option id="com.ti.ccstudio.buildDefinitions.MSP430_16.9.linkerID.OUTPUT_FILE.2057735848" superClass="com.ti.ccstudio.buildDefinitions.MSP430_16.9.linkerID.OUTPUT_FILE" useByScannerDiscovery="false" value="&quot;${ProjName}.out&quot;" valueType="string"/>
								<option id="com.ti.ccstudio.buildDefinitions.MSP430_16.9.linkerID.MAP_FILE.1589839355" superClass="com.ti.ccstudio.buildDefinitions.MSP430_16.9.linkerID.MAP_FILE" useByScannerDiscovery="false" value="&quot;${ProjName}.map&quot;" valueType="string"/>
								<option id="com.ti.ccstudio.buildDefinitions.MSP430_16.9.linkerID.XML_LINK_INFO.393440355" superClass="com.ti.ccstudio.buildDefinitions.MSP430_16.9.linkerID.XML_LINK_INFO" useByScannerDiscovery="false" value="&quot;${ProjName}_linkInfo.xml&quot;" valueType="string"/>
								<option id="com.ti.ccstudio.buildDefinitions.MSP430_16.9.linkerID.DISPLAY_ERROR_NUMBER.840770335" superClass="com.ti.ccstudio.buildDefinitions.MSP430_16.9.linkerID.DISPLAY_ERROR_NUMBER" useByScannerDiscovery="false" value="true" valueType="boolean"/>
								<option id="com.ti.ccstudio.buildDefinitions.MSP430_16.9.linkerID.DIAG_WRAP.814216134" superClass="com.ti.ccstudio.buildDefinitions.MSP430_16.9.linkerID.DIAG_WRAP" useByScannerDiscovery="false" value="com.ti.ccstudio.buildDefinitions.MSP430_16.9.linkerID.DIAG_WRAP.off" valueType="enumerated"/>
								<inputType id="com.ti.ccstudio.buildDefinitions.MSP430_16.9.exeLinker.inputType__CMD_SRCS.1474629327" name="Linker Command Files" superClass="com.ti.ccstudio.buildDefinitions.MSP430_16.9.exeLinker.inputType__CMD_SRCS"/>
								<inputType id="com.ti.ccstudio.buildDefinitions.MSP430_16.9.exeLinker.inputType__CMD2_SRCS.1190007526" name="Linker Command Files" superClass="com.ti.ccstudio.buildDefinitions.MSP430_16.9.exeLinker.inputType__CMD2_SRCS"/>
								<inputType id="com.ti.ccstudio.buildDefinitions.MSP430_16.9.exeLinker.inputType__GEN_CMDS.1726562491" name="Generated Linker Command Files" superClass="com.ti.ccstudio.buildDefinitions.MSP430_16.9.exeLinker.inputType__GEN_CMDS"/>
							</tool>
							<tool id="com.ti.ccstudio.buildDefinitions.MSP430_16.9.hex.1225369180" name="MSP430 Hex Utility" superClass="com.ti.ccstudio.buildDefinitions.MSP430_16.9.hex">
								<option id="com.ti.ccstudio.buildDefinitions.MSP430_16.9.hex.ROMWIDTH.1673553284" superClass="com.ti.ccstudio.buildDefinitions.MSP430_16.9.hex.ROMWIDTH" useByScannerDiscovery="false" value="8" valueType="string"/>
								<option id="com.ti.ccstudio.buildDefinitions.MSP430_16.9.hex.MEMWIDTH.293462037" superClass="com.ti.ccstudio.buildDefinitions.MSP430_16.9.hex.MEMWIDTH" useByScannerDiscovery="false" value="8" valueType="string"/>
							</tool>
						</toolChain>
					</folderInfo>
				</configuration>
			</storageModule>
			<storageModule moduleId="org.eclipse.cdt.core.externalSettings"/>
		</cconfiguration>
	</storageModule>
	<storageModule moduleId="org.eclipse.cdt.core.LanguageSettingsProviders"/>
	<storageModule moduleId="cdtBuildSystem" version="4.0.0">
		<project id="Depth Controller Beta.com.ti.ccstudio.buildDefinitions.MSP430.ProjectType.1911538155" name="MSP430" projectType="com.ti.ccstudio.buildDefinitions.MSP430.ProjectType"/>
	</storageModule>
	<storageModule moduleId="scannerConfiguration"/>
	<storageModule moduleId="org.eclipse.cdt.core.language.mapping">
		<project-mappings>
			<content-type-mapping configuration="" content-type="org.eclipse.cdt.core.asmSource" language="com.ti.ccstudio.core.TIASMLanguage"/>
			<content-type-mapping configuration="" content-type="org.eclipse.cdt.core.cHeader" language="com.ti.ccstudio.core.TIGCCLanguage"/>
			<content-type-mapping configuration="" content-type="org.eclipse.cdt.core.cSource" language="com.ti.ccstudio.core.TIGCCLanguage"/>
			<content-type-mapping configuration="" content-type="org.eclipse.cdt.core.cxxHeader" language="com.ti.ccstudio.core.TIGPPLanguage"/>
			<content-type-mapping configuration="" content-type="org.eclipse.cdt.core.cxxSource" language="com.ti.ccstudio.core.TIGPPLanguage"/>
		</project-mappings>
	</storageModule>
</cproject>
